YTID,error
--ZhevVpy1s,Download or conversion failure
--aO5cdqSAg,Download or conversion failure
--aaILOrkII,Download or conversion failure
-0DdlOuIFUI,Download or conversion failure
-0FHUc78Gqo,Download or conversion failure
-0Vl4HyWRk8,Download or conversion failure
-0mG4W5Hlq8,Download or conversion failure
-11LhdJgBb8,Download or conversion failure
-1TLtjPtnms,Download or conversion failure
-24dqQM_rDk,Download or conversion failure
-2X03mO3T_U,Download or conversion failure
-3IGxVTJvgI,Download or conversion failure
-3pPrlCm6gg,Download or conversion failure
-5Jlimvsuwo,Download or conversion failure
-6RN8skIHU4,Download or conversion failure
-6fxJZ7CW00,Download or conversion failure
-6sgMgtW91g,Download or conversion failure
-75IwDlkzDQ,Download or conversion failure
-7WpTk5AHfk,Download or conversion failure
-7aibH1LKwI,Download or conversion failure
-82vJ9bcar4,Download or conversion failure
-8H4GKg-mYQ,Download or conversion failure
-8wQV7VJnmM,Download or conversion failure
-9c1c8G_WO8,Download or conversion failure
-AgbNy9f2sg,Download or conversion failure
-AvC89aikTw,Download or conversion failure
-BcwR0CSZ4w,Download or conversion failure
-BqpAyCLh7U,Download or conversion failure
-By_0iIghuE,Download or conversion failure
-C5dEU4zpJg,Download or conversion failure
-DLL8LaKq-c,Download or conversion failure
-DYZX74qgFQ,Download or conversion failure
-DcMk015qSA,Download or conversion failure
-FT5MbWPCzg,Download or conversion failure
-FVBrg2qeIA,Download or conversion failure
-Fby-7z_JpE,Download or conversion failure
-GI5PbO6j50,Download or conversion failure
-G_hnfp4a0M,Download or conversion failure
-GaHBgRGi4s,Download or conversion failure
-H5WnRXsnoM,Download or conversion failure
-IKwiAsgpAI,Download or conversion failure
-IWlQN6cfe4,Download or conversion failure
-IZsyroG6yo,Download or conversion failure
-JfXNXGi-l8,Download or conversion failure
-Jie0k7xUIk,Download or conversion failure
-KElVp2r03E,Download or conversion failure
-L44JqysUy8,Download or conversion failure
-LQM385KSMY,Download or conversion failure
-NC5li0b4eY,Download or conversion failure
-NNjOlPg0y0,Download or conversion failure
-N_vl1d7TFA,Download or conversion failure
-OaOY7-71ME,Download or conversion failure
-OylLzMa0d0,Download or conversion failure
-PIuJAAplqI,Download or conversion failure
-Pvyzs28PJw,Download or conversion failure
-QSNQGKiGT4,Download or conversion failure
-QoZQDW4qjU,Download or conversion failure
-R9gJXtS07g,Download or conversion failure
-RAdrtCW1hI,Download or conversion failure
-RPKtQIGBOY,Download or conversion failure
-RZ01HFrafg,Download or conversion failure
-RfUo7Hb8TE,Download or conversion failure
-Sclnq22t7o,Download or conversion failure
-TpdnwhYCvk,Download or conversion failure
-Ub8LKPkhos,Download or conversion failure
