audiocap_id,youtube_id,error
11541,3eHYGSux1Ps,Download or conversion failure
5984,1OB2TC-aAqY,Download or conversion failure
5985,1OCv1wCGK-s,Download or conversion failure
82441,kZ7_b_VVumc,Download or conversion failure
97479,vvbK4KaEOTc,Download or conversion failure
82999,kxirwP8Idn0,Download or conversion failure
46131,MDSDhWhWfL8,Download or conversion failure
19971,7PBpJ4Uizfw,Download or conversion failure
16706,5seYj-vSnEc,Download or conversion failure
12015,3qNSaQnzWUs,Download or conversion failure
12014,3qKmsP6BPXM,Download or conversion failure
12017,3qOswVO4sb0,Download or conversion failure
12016,3qOK68-L2cU,Download or conversion failure
100012,xpF_Jeaj7cs,Download or conversion failure
64671,YkQ12wpHeUc,Download or conversion failure
100010,xpCI-rEY1kM,Download or conversion failure
17250,67qTV1MDXhc,Download or conversion failure
17253,67tVU2CeweE,Download or conversion failure
10708,3JLBP8VnukU,Download or conversion failure
9252,2hyT23nJm_4,Download or conversion failure
9253,2i-sTS4rNgs,Download or conversion failure
9251,2hxyWkenHI4,Download or conversion failure
19396,77eV2YFJwgc,Download or conversion failure
45443,LkQIhNz1o9Q,Download or conversion failure
54540,RmAsVtD8qzw,Download or conversion failure
19394,77_C3AMGp1k,Download or conversion failure
90313,qNxytjnLbOE,Download or conversion failure
43263,KLGJt-Q65RA,Download or conversion failure
13057,4I0SfHz97Ag,Download or conversion failure
13055,4Hz53AafH7s,Download or conversion failure
54178,RXNZ-0Wteno,Download or conversion failure
20259,7XSDamG_R38,Download or conversion failure
20254,7XChPEYFWpA,Download or conversion failure
40963,Is4oH0_g21U,Download or conversion failure
40961,Is0jFNep7kY,Download or conversion failure
29767,CEzwcZnypSY,Download or conversion failure
29761,CEgyXSAygiw,Download or conversion failure
29763,CEnhuZ5Rm_Q,Download or conversion failure
1177,-RMYdwOv3Mo,Download or conversion failure
16883,5yAi2mLckGE,Download or conversion failure
97930,wEDditLGJwg,Download or conversion failure
12833,4C2yBknu3ZM,Download or conversion failure
12832,4C-Abooz-OA,Download or conversion failure
12839,4C7zRL0dVgE,Download or conversion failure
8540,2QLhxtgqvU8,Download or conversion failure
92268,rt0-hh8NqSo,Download or conversion failure
50415,OzvXPl848dw,Download or conversion failure
54304,RbrSbC-bGY0,Download or conversion failure
60908,W8BDM_jth3Y,Download or conversion failure
15557,5MXhhFv6AMo,Download or conversion failure
8295,2KLSmeAXUHU,Download or conversion failure
85175,mZCsDKLUDQY,Download or conversion failure
15552,5MQaessPo-0,Download or conversion failure
398,-8z7eJDWf9U,Download or conversion failure
15558,5MXtSBsWrGs,Download or conversion failure
3740,0Uf85Z4A7t4,Download or conversion failure
57666,TuIQg2cJqAs,Download or conversion failure
58708,UcYa-1k0Nvc,Download or conversion failure
60010,VWBLKuEA6EY,Download or conversion failure
99011,x2ZyKE89nzw,Download or conversion failure
21936,8N5c7JZmKGs,Download or conversion failure
99993,xodr5wnFQvs,Download or conversion failure
57087,TVdAI0xaU8s,Download or conversion failure
31760,DKM2KjNkX18,Download or conversion failure
55834,SdzaTL0aJXc,Download or conversion failure
16709,5siQ3K31KeI,Download or conversion failure
75300,fMGNky979o4,Download or conversion failure
16708,5siKASaXYTU,Download or conversion failure
72456,dHJ0pK27t6k,Download or conversion failure
6810,1iXLWRFE000,Download or conversion failure
6814,1icEOZdgkVY,Download or conversion failure
6817,1ihBVEOfaVE,Download or conversion failure
9757,2vSzoyYcFAA,Download or conversion failure
9754,2vNYlboKPQg,Download or conversion failure
24147,9Sxy1AlWmB8,Download or conversion failure
24149,9T1QT2OQ0iM,Download or conversion failure
81405,jnPD-M9kIm0,Download or conversion failure
91959,rf6ZMK2V3mM,Download or conversion failure
59954,VU-1nxT7YPU,Download or conversion failure
54273,RaJx8et3wo8,Download or conversion failure
93968,tC9f6uvVKZc,Download or conversion failure
68346,aIjQkQ36AVQ,Download or conversion failure
102107,zW46UonugXU,Download or conversion failure
77386,gqzRsP0mwsc,Download or conversion failure
76161,g-wlCCvMt_A,Download or conversion failure
49165,O9xjy2_DUL8,Download or conversion failure
100136,xw-B1OGab3g,Download or conversion failure
72399,dEPx_z4Rpho,Download or conversion failure
64679,Ykbcr7TMhwU,Download or conversion failure
52466,QLZmGF9NEus,Download or conversion failure
91211,r5WtQCGp1WI,Download or conversion failure
23264,90uYgzfHZxo,Download or conversion failure
101709,zBD1vgpLxtE,Download or conversion failure
101708,zB4kz0vEsTQ,Download or conversion failure
39503,HvTYMLSRBoY,Download or conversion failure
95798,ubH-QNZoYcU,Download or conversion failure
29670,CB_L70p00mE,Download or conversion failure
9254,2i0vfBErDUo,Download or conversion failure
10707,3JIEw_2vKiQ,Download or conversion failure
43850,KiHNFmpU5ZY,Download or conversion failure
10704,3JDBtQgmQmA,Download or conversion failure
6779,1hqGdxOZdhg,Download or conversion failure
6777,1hoHYhaugRU,Download or conversion failure
23751,9G89QPJ-d1k,Download or conversion failure
23756,9GItwgXOOYc,Download or conversion failure
84228,lsMJF_pH7DI,Download or conversion failure
19095,6zzDOFmpHRY,Download or conversion failure
42818,K2i5ODkwdpg,Download or conversion failure
85675,mvmeuVOhAR4,Download or conversion failure
5058,10Wz3WLOowg,Download or conversion failure
5055,10RQxUIBTBU,Download or conversion failure
70131,baWqKKc3RVU,Download or conversion failure
18893,6uMJRQ0UrGo,Download or conversion failure
18892,6uGzPWpYqW8,Download or conversion failure
18896,6uOzzr5WPPU,Download or conversion failure
18899,6uXUy9BOOus,Download or conversion failure
64809,YqMJAzkRZZ8,Download or conversion failure
44226,KxjlxY0_hx8,Download or conversion failure
64804,Yq7AzNoByHQ,Download or conversion failure
18766,6pgkg0HLR7k,Download or conversion failure
41544,JEWFBbwfwn8,Download or conversion failure
98492,we8NP0EKyZQ,Download or conversion failure
71773,cnWZjejdwCM,Download or conversion failure
8034,2DmbPAlalPI,Download or conversion failure
8037,2DsCAp68L18,Download or conversion failure
8036,2DqQmKrybrw,Download or conversion failure
8033,2DmGSOsX-2k,Download or conversion failure
8039,2DwotmImTsI,Download or conversion failure
12581,45-S9dHZlTI,Download or conversion failure
12580,45-MIg6Ief4,Download or conversion failure
12584,458hvFTiS4A,Download or conversion failure
44912,LQgdDtDCtgM,Download or conversion failure
48123,NUqsl-em2FQ,Download or conversion failure
89496,plguiXCbQHg,Download or conversion failure
89499,plwnNOcduUg,Download or conversion failure
88722,pChZKBDEsZk,Download or conversion failure
65063,Z0ZZrm77SMU,Download or conversion failure
65061,Z0VcxU8iNKQ,Download or conversion failure
13987,4gwCtiZKejk,Download or conversion failure
75052,fBBJ1yPjphI,Download or conversion failure
73325,dtLram2pV7A,Download or conversion failure
75053,fBBKtMojF7s,Download or conversion failure
75057,fBRUzIAKgj0,Download or conversion failure
13678,4Zlz0fKY_4E,Download or conversion failure
13673,4ZcrAHlSOks,Download or conversion failure
16002,5ZQOxkKOS4Y,Download or conversion failure
16001,5ZQCdVfdGig,Download or conversion failure
5869,1LY9j6EYAd8,Download or conversion failure
56841,TKuN17F4Mx8,Download or conversion failure
17356,6AaA0ww6Rc0,Download or conversion failure
17351,6AO8_kTvsaM,Download or conversion failure
69788,bKbsPXcVBAI,Download or conversion failure
90879,qpetEQ3taLY,Download or conversion failure
60253,Vf-XWmYa8k0,Download or conversion failure
19588,7D9TVczy6rw,Download or conversion failure
19589,7DC40Qhq2Ro,Download or conversion failure
19584,7D28hhaU9RU,Download or conversion failure
20868,7pabsgabzQU,Download or conversion failure
20866,7pZnq7xau2Q,Download or conversion failure
5937,1MxLu5GVvq4,Download or conversion failure
5935,1MuDD4JVnQc,Download or conversion failure
5934,1MuCTwE2Eqs,Download or conversion failure
5933,1Ms72htvB6w,Download or conversion failure
99526,xS-BEdQnUqw,Download or conversion failure
90296,qMjKtVbC_sA,Download or conversion failure
99520,xRiGZ_0Fblk,Download or conversion failure
90292,qMYXCaDHRdo,Download or conversion failure
16113,5bRy5w5n5Pw,Download or conversion failure
9193,2gZWXqZK18E,Download or conversion failure
7941,2Bd_5CudKCk,Download or conversion failure
42171,Jd5gy8IkI6A,Download or conversion failure
16914,5zPgffCgLk0,Download or conversion failure
16913,5zNWv74vr_M,Download or conversion failure
12208,3vCRry3mHjk,Download or conversion failure
12209,3vIjbFCJBuw,Download or conversion failure
12205,3v1vELFlE7k,Download or conversion failure
12200,3uvRVGgRBBU,Download or conversion failure
8864,2Z9Dxpj79hA,Download or conversion failure
21409,867kazZdwuA,Download or conversion failure
21406,863STpyfGB0,Download or conversion failure
21407,864Hhm1eOlg,Download or conversion failure
8868,2ZOCs9f7m0M,Download or conversion failure
26833,AkdZS4GKm6w,Download or conversion failure
67577,_kiUMCrwkfE,Download or conversion failure
67575,_kfA3KdDJkU,Download or conversion failure
26839,Akk-GzgnDmE,Download or conversion failure
96986,vYjgrOS1T2w,Download or conversion failure
17884,6QJTjLvzCXg,Download or conversion failure
79720,iYMSuGqgrcM,Download or conversion failure
28404,BX97GSppRT0,Download or conversion failure
92831,sKTZvFef-WA,Download or conversion failure
35054,F9kNX3zLB04,Download or conversion failure
35051,F9f9caaxmm0,Download or conversion failure
346,-7uB0O_imb4,Download or conversion failure
55125,S9MJqvIg2d4,Download or conversion failure
83473,lIqP2EiPl-Q,Download or conversion failure
23716,9F33jPz8wbw,Download or conversion failure
23713,9ExzDvq6Qkg,Download or conversion failure
23711,9EvJpP-gB1k,Download or conversion failure
59205,Uz-bzWfELCk,Download or conversion failure
90508,qXSNJ9TWi6s,Download or conversion failure
27007,ApPOUsJ11Xg,Download or conversion failure
27003,ApJtIkjHWRc,Download or conversion failure
92184,rosUA7nP6GQ,Download or conversion failure
68147,aAl9yiGxdfQ,Download or conversion failure
78922,hz6MX7thu2o,Download or conversion failure
9942,3-dW1kGIdsU,Download or conversion failure
9943,3-gG_YLeigU,Download or conversion failure
9941,3-d6-B6brto,Download or conversion failure
35581,FV3PmFTHdDo,Download or conversion failure
56475,T4_a7bcS4cQ,Download or conversion failure
32755,DpjYzqYfyJ4,Download or conversion failure
32050,DTBoyZaBnXo,Download or conversion failure
27925,BIhigCnEZOk,Download or conversion failure
55870,SfZtGSWQKKQ,Download or conversion failure
56781,THqKbA1mr2c,Download or conversion failure
56780,THokLEgLOG4,Download or conversion failure
21875,8L41fdybX1I,Download or conversion failure
21877,8L6AX8xepUI,Download or conversion failure
62922,XYCBW2dOadQ,Download or conversion failure
21878,8LGMa8FVWEo,Download or conversion failure
99955,xn5P2yy5xnw,Download or conversion failure
64945,YwYqnCXdtaE,Download or conversion failure
31538,DCdCp8pF8ts,Download or conversion failure
60697,Vz0_T7d8Wz4,Download or conversion failure
43168,KH_OSkfiJXI,Download or conversion failure
101983,zPYptIfMDxE,Download or conversion failure
53958,RN0FGbXoLDk,Download or conversion failure
33729,EONfjVbpIuM,Download or conversion failure
18561,6jnnDb1uOcQ,Download or conversion failure
14667,4z5t44gs6o4,Download or conversion failure
38600,HLuSaj8FkY4,Download or conversion failure
63799,YAW2vMKV9pw,Download or conversion failure
52707,QVNCjlNsysI,Download or conversion failure
791,-HyoOgMoEXA,Download or conversion failure
799,-I9Uoy0uS5M,Download or conversion failure
77709,h67H_nIyYt0,Download or conversion failure
42979,K9GSIzTpA4c,Download or conversion failure
42548,Jt3hxwZrXzE,Download or conversion failure
62213,X35Kq-izAeg,Download or conversion failure
15137,5BUqA6zPREQ,Download or conversion failure
86877,noDNYBZOkSE,Download or conversion failure
34041,EZW-UA7Swh0,Download or conversion failure
72215,d5wk9yDtajs,Download or conversion failure
31496,DAvLnFsUxi8,Download or conversion failure
48056,NSERvALiWac,Download or conversion failure
47259,Mwjm8GUdcvo,Download or conversion failure
88292,ot2w9xoUGBs,Download or conversion failure
42545,JsuJfnmqssM,Download or conversion failure
4761,0tdTIXnLxwY,Download or conversion failure
4769,0tuG2Djxl3A,Download or conversion failure
19740,7HFpnGdJEgw,Download or conversion failure
46301,MKzQuIa4FQU,Download or conversion failure
86842,nmXbVThnQgM,Download or conversion failure
80148,irIPkARWgmE,Download or conversion failure
80149,irLjsO0wAjA,Download or conversion failure
80140,iqvnkbjWWlw,Download or conversion failure
54839,RyWcNkMv27Q,Download or conversion failure
10356,39bUi9FPB6U,Download or conversion failure
65888,ZZv4dKeq9qI,Download or conversion failure
6255,1VR6cXdPsi4,Download or conversion failure
70309,bjDjL8koUSA,Download or conversion failure
70302,bidt7n3Nkow,Download or conversion failure
65880,ZZZ__LWMmL0,Download or conversion failure
42996,K9pxq6oUhWI,Download or conversion failure
42993,K9lmiWhXu1s,Download or conversion failure
830,-IzmxeAmmGs,Download or conversion failure
834,-J60og_pQtQ,Download or conversion failure
87574,oL6GMFcRfRE,Download or conversion failure
838,-JE4GYS63ak,Download or conversion failure
61709,Wgs9psBO9QY,Download or conversion failure
45344,Lgc6iohUbXY,Download or conversion failure
45348,LgmmLrvL-II,Download or conversion failure
29094,BtB1fLSfC14,Download or conversion failure
80859,jPE5VtcV-hA,Download or conversion failure
70949,cAhoQtGszcY,Download or conversion failure
80856,jP4Fbc2C9Gk,Download or conversion failure
5249,15hQC-CT7s8,Download or conversion failure
40268,IQk3ZkMV6PY,Download or conversion failure
14309,4oyhAu0tHyE,Download or conversion failure
14308,4oyLMO10V04,Download or conversion failure
22433,8c4pWR22SKY,Download or conversion failure
17968,6SujCvS39ig,Download or conversion failure
17964,6SnNgIK_PW4,Download or conversion failure
17961,6SjftAv04VM,Download or conversion failure
53433,R-H8CVFCgW4,Download or conversion failure
66933,_JVyoKbMhx8,Download or conversion failure
66935,_J_IqBRLREA,Download or conversion failure
59307,V2C6YiHpqac,Download or conversion failure
66937,_JiAC0KEy-o,Download or conversion failure
66936,_Jb3aI4mFK8,Download or conversion failure
66939,_JieEQVJW0w,Download or conversion failure
77920,hFHkJ2qWm90,Download or conversion failure
96268,v-7q90qWYCk,Download or conversion failure
90386,qRMFsjZBjxg,Download or conversion failure
12462,41ErTqGJLjk,Download or conversion failure
12463,41G_oW9IQrk,Download or conversion failure
7776,27VuSQLkrF0,Download or conversion failure
88887,pK6o21Gp66Y,Download or conversion failure
82288,kSONEKyw_jA,Download or conversion failure
33375,EAcseYlHwIA,Download or conversion failure
46775,McyLMwCvzaY,Download or conversion failure
61953,WrsXDLCQ4wE,Download or conversion failure
12485,41sPeBjUbCo,Download or conversion failure
94677,tkEip_NIoNI,Download or conversion failure
81483,jqt4hssRJB0,Download or conversion failure
65564,ZMgeeF02MsM,Download or conversion failure
46087,MBOUXUm0dow,Download or conversion failure
49058,O5yy0CelMEw,Download or conversion failure
2550,0-_qA6N0U0U,Download or conversion failure
11477,3cXbm3inN-I,Download or conversion failure
43103,KEpp8-gamNo,Download or conversion failure
97537,vxt9IaBoXHo,Download or conversion failure
17148,65DXJ5POUic,Download or conversion failure
17149,65ETCV_EeyU,Download or conversion failure
17144,656Qt18XG68,Download or conversion failure
102511,zpLhnvR6z9M,Download or conversion failure
102516,zpX5XOxPqLs,Download or conversion failure
60424,Vn7OfOVX5wY,Download or conversion failure
9548,2qCCFL-jcsA,Download or conversion failure
9549,2qEKlDfRyDw,Download or conversion failure
915,-LMA6Y2P5MY,Download or conversion failure
911,-LFIphCTz6A,Download or conversion failure
912,-LKcFTKr3eY,Download or conversion failure
22945,8rSZ_1B-JRA,Download or conversion failure
99286,xFwg5gDXrVw,Download or conversion failure
80463,j69VGnBXolE,Download or conversion failure
66337,Ztq-Y8QJhKU,Download or conversion failure
27596,B8agW5Mj1S4,Download or conversion failure
27597,B8av_jlUxn8,Download or conversion failure
27593,B8_84qp-SrM,Download or conversion failure
99755,xdADVQkCszo,Download or conversion failure
58779,UgMOcC0DKHM,Download or conversion failure
95667,uVOrndvoacA,Download or conversion failure
22948,8rhL_y3S6lc,Download or conversion failure
29251,By7Qk0Fdn10,Download or conversion failure
78359,h_65rkatRYU,Download or conversion failure
78354,hZeqpirMQIA,Download or conversion failure
78355,hZeuXax7w9k,Download or conversion failure
77024,gbhbisF4_sE,Download or conversion failure
26643,AfsRwMPojRo,Download or conversion failure
26649,Ag2GQ34yCis,Download or conversion failure
66212,ZnvAvIVmTMg,Download or conversion failure
101161,ykqqJScwoFY,Download or conversion failure
50307,OuOSZhjMwww,Download or conversion failure
50306,OuK9zeD4kig,Download or conversion failure
1445,-YK-kYtB14A,Download or conversion failure
1442,-YD4QvOyC9k,Download or conversion failure
23036,8umpC9pjaCU,Download or conversion failure
23034,8uhjObBGV-w,Download or conversion failure
23033,8uh2OeeLseM,Download or conversion failure
1449,-YR5gfNWOFo,Download or conversion failure
1448,-YPLUYrPlD4,Download or conversion failure
22349,8_Das6bmsik,Download or conversion failure
22346,8_7M9RJm7dQ,Download or conversion failure
22340,8ZxWKS0-gYk,Download or conversion failure
22341,8ZzmerSSYjA,Download or conversion failure
77263,glpuKmfvS-c,Download or conversion failure
90184,qHXO3yEZDfk,Download or conversion failure
28612,BcF1qS6O0lQ,Download or conversion failure
79605,iSe8a_YAdRU,Download or conversion failure
35622,FWwFkZR4IqE,Download or conversion failure
23693,9EUAao1cwtQ,Download or conversion failure
23697,9EcWL9Km1Aw,Download or conversion failure
23698,9EcxnFy9Px8,Download or conversion failure
23969,9MgFjf90ABQ,Download or conversion failure
23966,9MbGOTcAvzs,Download or conversion failure
27270,AyK08rVL98Y,Download or conversion failure
27273,AyPqm-tm2y4,Download or conversion failure
27275,AyXZ-Eltigo,Download or conversion failure
44307,L0jmgOVV7Vc,Download or conversion failure
68544,aRvtzhi_JCw,Download or conversion failure
38128,H3znbPaPfL4,Download or conversion failure
70548,bsUlhCWi6T4,Download or conversion failure
57570,Tpox7rZrSEU,Download or conversion failure
57579,TqOIhQvDTjI,Download or conversion failure
51663,PmthgwgH6vg,Download or conversion failure
72660,dQg3Cdh3i84,Download or conversion failure
38125,H3nL8Gu4N-Q,Download or conversion failure
44303,L0Tc3-9uhZ8,Download or conversion failure
3450,0NF0gRz6iSw,Download or conversion failure
84758,mGSpPo9pi2Y,Download or conversion failure
41335,J68vIUUWSx4,Download or conversion failure
40067,IIaqHCtUW5A,Download or conversion failure
44301,L0SJaPL7H5o,Download or conversion failure
14148,4ksAvmevxZo,Download or conversion failure
14142,4khiiOepPHo,Download or conversion failure
15819,5U3YYrJabIQ,Download or conversion failure
15811,5TqjMHBnJa4,Download or conversion failure
15815,5TxjMgke-fI,Download or conversion failure
18339,6d1gBv2ITCk,Download or conversion failure
18333,6cwXFTkvnEg,Download or conversion failure
18331,6cudBf5rlNQ,Download or conversion failure
14496,4u65yrxdpf0,Download or conversion failure
76495,gFFLYmD_2d4,Download or conversion failure
11185,3VgR8JVU_Rw,Download or conversion failure
37910,GwAUZPg3gfw,Download or conversion failure
47592,NA9ur-b-PvE,Download or conversion failure
47591,NA9aNhcbHXc,Download or conversion failure
57694,TvSL4JyZno8,Download or conversion failure
5726,1HyUAtlw7nc,Download or conversion failure
41492,JCGnk9fbSK0,Download or conversion failure
87470,oGMytx7hnUI,Download or conversion failure
87473,oGf-eDCiQfg,Download or conversion failure
19131,70ASsAIplwk,Download or conversion failure
87478,oGtwjjmDp8U,Download or conversion failure
15363,5HTGcilP3p4,Download or conversion failure
31513,DBYzZp1jOro,Download or conversion failure
19468,79gJuv7NWbk,Download or conversion failure
19465,79awIHjhycY,Download or conversion failure
73975,eNNifxq_-Ok,Download or conversion failure
57551,TpIJ5FBARQQ,Download or conversion failure
80369,j1Px5qfuzJw,Download or conversion failure
61968,WsaArSxgEY0,Download or conversion failure
45937,M523WehgHiE,Download or conversion failure
4049,0bQdRu0RzOE,Download or conversion failure
60991,WCELiwfouYY,Download or conversion failure
46714,MaHYn7BD2s0,Download or conversion failure
93492,sobq3xSaY2M,Download or conversion failure
17434,6CSyJfYYBCs,Download or conversion failure
17436,6Caft-Vel14,Download or conversion failure
17431,6CRbv7wRxMU,Download or conversion failure
93495,sogaJuk00o4,Download or conversion failure
13323,4QCmA5fpHyg,Download or conversion failure
38850,HWBGdHuyc8w,Download or conversion failure
13329,4QOcAfsVxq4,Download or conversion failure
101328,ytHBOrLE6tc,Download or conversion failure
101327,ytFkhjNs0P0,Download or conversion failure
101325,yszg9CM-OIA,Download or conversion failure
20127,7TTYk6pgMNw,Download or conversion failure
20121,7TJVOIA6Z7M,Download or conversion failure
20129,7TW8wScNUUg,Download or conversion failure
65812,ZX9Fh3P5JLU,Download or conversion failure
47298,Myma5QTDDO4,Download or conversion failure
48116,NUdxs63K2vc,Download or conversion failure
48559,NlAPtPCrh2c,Download or conversion failure
14800,51vm-n0k9Ms,Download or conversion failure
1681,-da0H3I-ss8,Download or conversion failure
1687,-deJyQ4T4XE,Download or conversion failure
1689,-dg95jfWnP4,Download or conversion failure
29989,CM26vVYFF6E,Download or conversion failure
29982,CLhQOr2baAI,Download or conversion failure
84166,lpKX86AA3gs,Download or conversion failure
94892,tvbOUYl0pkY,Download or conversion failure
100597,yIIx9PeFljY,Download or conversion failure
318,-79l4w4DsYM,Download or conversion failure
89525,pmuedEJLJQo,Download or conversion failure
79666,iVxwhi9Ob_Q,Download or conversion failure
44657,LG4FF1p9tjs,Download or conversion failure
51369,PaMIw5gUfOE,Download or conversion failure
84167,lpL5ZFZWkko,Download or conversion failure
25321,A3gTZHDTCOY,Download or conversion failure
6933,1lfw93gLMJw,Download or conversion failure
15407,5IdhdVtHUVY,Download or conversion failure
8129,2GUkb_HTFW8,Download or conversion failure
2291,-tqDtwFbKSY,Download or conversion failure
2297,-tvrWGyzObY,Download or conversion failure
51988,Q01nSnxJzSo,Download or conversion failure
10910,3OcURzyUq1A,Download or conversion failure
56358,T-4xiPzVb58,Download or conversion failure
56359,T-5g4013ks8,Download or conversion failure
16422,5kBiaQEDdW8,Download or conversion failure
30430,CadKrgkOOKQ,Download or conversion failure
81679,k-RgQ_EcTT8,Download or conversion failure
53272,QsizoCgU00Y,Download or conversion failure
63646,Y2TrZy85Fow,Download or conversion failure
21318,83MPTPNXhTs,Download or conversion failure
21316,83FCyKOu65Y,Download or conversion failure
21317,83LovyZA13o,Download or conversion failure
21311,830Hdvc2Z1A,Download or conversion failure
21312,831kkGP0E7I,Download or conversion failure
22959,8s3yVjPEklk,Download or conversion failure
31079,CxTfN1c_4xU,Download or conversion failure
22951,8rnITQpV_Js,Download or conversion failure
22957,8rwrbDUH6uM,Download or conversion failure
2743,04HXH525ljk,Download or conversion failure
2747,04OWVACEdf0,Download or conversion failure
71922,cuZl6Rk06ck,Download or conversion failure
71929,cuoinK6lKJ4,Download or conversion failure
93374,sidfV9L0A4U,Download or conversion failure
78524,hgaE5utpilo,Download or conversion failure
3048,0CqFq7d785w,Download or conversion failure
91161,r35Z7pBHisY,Download or conversion failure
3041,0ChhplHZP1Q,Download or conversion failure
3040,0CeWM8wSIEg,Download or conversion failure
3044,0CmMwpKM0Ik,Download or conversion failure
21072,7wY3AOR6VvQ,Download or conversion failure
67040,_OHxsyHMsis,Download or conversion failure
67041,_OKqR41mob0,Download or conversion failure
28259,BTGaGrfqmd4,Download or conversion failure
30919,CsWhdPpFvMs,Download or conversion failure
91836,r_33Bc3bOUE,Download or conversion failure
3958,0_Y9HWLAan4,Download or conversion failure
3954,0_VLeSzDJPU,Download or conversion failure
34742,ExUYjLBXCbM,Download or conversion failure
50122,OnjlnEBtqv4,Download or conversion failure
35294,FJxkqWU9tKw,Download or conversion failure
100243,y0waOQI90l0,Download or conversion failure
24441,9btyIgjCMt0,Download or conversion failure
24444,9c0rs0t0hS8,Download or conversion failure
50116,Ondn1zWzIsw,Download or conversion failure
100246,y12C-cxd1n0,Download or conversion failure
22133,8THEyz540pk,Download or conversion failure
22135,8TLt0NqonWU,Download or conversion failure
22137,8TOCcbGnHEE,Download or conversion failure
57342,TfolI6LuUr0,Download or conversion failure
101126,ying3SBlij0,Download or conversion failure
4450,0le8kpvB_F0,Download or conversion failure
4456,0m1PgPJ9QPY,Download or conversion failure
4455,0ltUCbsj31o,Download or conversion failure
4458,0m5cakFD4UM,Download or conversion failure
74163,eWyg3HzR_Qo,Download or conversion failure
87212,o3SbrIsTdO0,Download or conversion failure
87214,o3WZbP57gbY,Download or conversion failure
77405,gs1k7Nit-a0,Download or conversion failure
42890,K5NkR7El5mo,Download or conversion failure
75235,fJe9l7xs3gI,Download or conversion failure
18816,6r6vDFcIfV4,Download or conversion failure
2174,-qkHlo4kS2I,Download or conversion failure
2175,-qnWB0IK2CU,Download or conversion failure
7127,1r_1teFn7n0,Download or conversion failure
7125,1rXJltHXi9M,Download or conversion failure
7121,1rPv2-OZLK4,Download or conversion failure
69921,bQUh0U3TxT4,Download or conversion failure
592,-DkdgfC1d7Q,Download or conversion failure
44993,LTtHn_65T8E,Download or conversion failure
14755,50kWlqmUq54,Download or conversion failure
14756,50lM-tC6ndI,Download or conversion failure
13906,4eN06XmR6do,Download or conversion failure
13900,4e4KsnaY7r0,Download or conversion failure
13909,4eQ7yk2NgtM,Download or conversion failure
18107,6XP0qxUmL0A,Download or conversion failure
18101,6XEHOcOTZAE,Download or conversion failure
18102,6XFRIEPiFXk,Download or conversion failure
5579,1E2C5fatb74,Download or conversion failure
5574,1DxNri9gJr0,Download or conversion failure
5573,1Dx9q9VUzsk,Download or conversion failure
70543,bsKoNTlGQD0,Download or conversion failure
31303,D3yztIkQo64,Download or conversion failure
28353,BVyAru1FDSg,Download or conversion failure
91338,rCENaoqH3zU,Download or conversion failure
47365,N0fSeBNwFMw,Download or conversion failure
52294,QEdxtQqqljc,Download or conversion failure
11228,3WmOZE00U7g,Download or conversion failure
11226,3Wl2G21VRNM,Download or conversion failure
11225,3WkwOyY1lvI,Download or conversion failure
11224,3Wkfg0Ot5Zg,Download or conversion failure
19058,6zEEKhblEN8,Download or conversion failure
19059,6zEQEliUKrY,Download or conversion failure
19057,6zE65qx2Fv0,Download or conversion failure
52734,QWWAj4WZuyU,Download or conversion failure
42461,JpFSzzWfVnA,Download or conversion failure
94273,tQTul6k8Q9M,Download or conversion failure
16625,5qLner5mtSY,Download or conversion failure
100750,yQZgyz5vfHs,Download or conversion failure
9113,2er6dDbTYcM,Download or conversion failure
12280,3xIAxGlj-gs,Download or conversion failure
12281,3xINXjEo28E,Download or conversion failure
21157,7yvSQF16uiY,Download or conversion failure
21154,7ytWZipslTY,Download or conversion failure
21151,7yoTaRJV5Zg,Download or conversion failure
92779,sHpYB4SqQWI,Download or conversion failure
64086,YL_oH0CRM_M,Download or conversion failure
21484,88Jb28tfCK4,Download or conversion failure
21485,88LYqtsAUh4,Download or conversion failure
49731,OYgeggtM8kM,Download or conversion failure
21482,88GGo_2d_zg,Download or conversion failure
21488,88P_mdXElVU,Download or conversion failure
46902,Mi9QA7NqRNk,Download or conversion failure
100646,yKuEf5IvsEQ,Download or conversion failure
10667,3I46o9bfl5U,Download or conversion failure
10663,3HzsgdaLuHo,Download or conversion failure
58622,UZNioEMWegk,Download or conversion failure
71426,cXz-YtUSmlw,Download or conversion failure
96905,vUObTbN_9JY,Download or conversion failure
13155,4L4AhCwe_Wk,Download or conversion failure
20680,7jjI9IkUDeo,Download or conversion failure
20682,7jl0x30qmi8,Download or conversion failure
20685,7k-0ub30ggU,Download or conversion failure
10593,3FwzJciQWq0,Download or conversion failure
10597,3G2IKXYXP6Q,Download or conversion failure
10594,3G0798ft5Sk,Download or conversion failure
20350,7_28kVl2CUQ,Download or conversion failure
20358,7_BtnZxpN-I,Download or conversion failure
71540,ccFA7X6wb6o,Download or conversion failure
91336,rCA7fz3C3NY,Download or conversion failure
93785,t3h6UALu9Do,Download or conversion failure
1348,-VwaUplbvAY,Download or conversion failure
1341,-Vo21b0NES0,Download or conversion failure
92102,rl8TU9-jJvM,Download or conversion failure
95333,uE0nAPPtxqg,Download or conversion failure
66620,_5DSfZnQZPw,Download or conversion failure
66629,_5bo0C_CrQ4,Download or conversion failure
8377,2MOf0CdgxKE,Download or conversion failure
8375,2MO9OK5Itiw,Download or conversion failure
8379,2MUwRQCR7wo,Download or conversion failure
101701,zAqU2rxxIlY,Download or conversion failure
101700,zAb_UdzFQ1w,Download or conversion failure
101705,zAy7eCFUb24,Download or conversion failure
101704,zAxt1UsIlaI,Download or conversion failure
22443,8cJL0VjIXzM,Download or conversion failure
22448,8cRY7S7hnF0,Download or conversion failure
51085,PQkULHurhlQ,Download or conversion failure
51083,PQgDKp3rqVc,Download or conversion failure
93279,sdstnr_UXpI,Download or conversion failure
3620,0RXgFs2ZOmU,Download or conversion failure
3623,0Ree10eqPN4,Download or conversion failure
3625,0RnXDfJBz5k,Download or conversion failure
3626,0Rnpz0OdP9w,Download or conversion failure
15790,5TMQ39Ewv_A,Download or conversion failure
60112,V_bb5tjcBgY,Download or conversion failure
24843,9qMbQFMHA5g,Download or conversion failure
24842,9qKdxSTIBbI,Download or conversion failure
2465,-y1c-dcL-HE,Download or conversion failure
2467,-y4qGQyOqdw,Download or conversion failure
2468,-y7H13l7mTg,Download or conversion failure
102284,zeX8JF1gvpE,Download or conversion failure
102287,zeb8CFk53sA,Download or conversion failure
102283,zeWcg5Pl_NA,Download or conversion failure
9652,2tA9BBVzx5k,Download or conversion failure
9657,2tCkRiudZQ4,Download or conversion failure
9655,2tBykj--9OI,Download or conversion failure
9659,2tJYLjtQQjM,Download or conversion failure
36994,GLQjS-XFQp0,Download or conversion failure
37022,GMqftVa3kwk,Download or conversion failure
102135,zXplScd5HJQ,Download or conversion failure
102132,zXchR-40WwY,Download or conversion failure
102131,zX_a4Jkrd78,Download or conversion failure
63069,XdrUT8a7MvE,Download or conversion failure
67231,_Wi4c6JI9J4,Download or conversion failure
67230,_WgfW5bKiek,Download or conversion failure
3366,0KzcNYgQjG4,Download or conversion failure
3362,0Kpq7E3AlWk,Download or conversion failure
3363,0KrWJVuZfg0,Download or conversion failure
4276,0h8YJ3EvkUw,Download or conversion failure
4279,0hCHx4QPF9Q,Download or conversion failure
79248,iCP5ME4PdYU,Download or conversion failure
46580,MWhykw_plao,Download or conversion failure
46581,MWl4-a-N_5Q,Download or conversion failure
90035,qAHydxzskj8,Download or conversion failure
32847,Dt417F2oqiI,Download or conversion failure
35315,FKgIiTtXUUk,Download or conversion failure
90037,qAKFdbKWMdo,Download or conversion failure
23182,8zL4trFJ1LY,Download or conversion failure
23186,8zO-QOkDQv0,Download or conversion failure
23185,8zN7Wh0DSVs,Download or conversion failure
30897,Crk0REKzPAg,Download or conversion failure
23453,972X_FnG2Cg,Download or conversion failure
23452,972J3mfU92E,Download or conversion failure
23455,97A5v26vq08,Download or conversion failure
23454,9777Gh5zWSs,Download or conversion failure
23456,97B8WF-AHlg,Download or conversion failure
100191,xzITCJn8Ztc,Download or conversion failure
100195,xzOSP6Y4no4,Download or conversion failure
92661,sButOymFwD4,Download or conversion failure
100199,xzXpzJqAxQk,Download or conversion failure
74550,eoRc7kjPgCY,Download or conversion failure
74553,eoT7x1f3ZNQ,Download or conversion failure
57064,TUMJ3c8_LLg,Download or conversion failure
6125,1S1an8uMENY,Download or conversion failure
6123,1Ruw8hFefO0,Download or conversion failure
53657,R9koA7CH7k8,Download or conversion failure
37770,Gr0gQkVBJ9I,Download or conversion failure
51829,PuDXEFl4DWs,Download or conversion failure
85532,moq7Cp7NAno,Download or conversion failure
75606,f_PkuOFJDNo,Download or conversion failure
38409,HEhCXXJMffc,Download or conversion failure
91376,rEFj2_YyHFY,Download or conversion failure
70075,bYNqu8WPHCs,Download or conversion failure
71381,cVzrYOBBCl4,Download or conversion failure
97852,wACWEYYU-OQ,Download or conversion failure
70385,bmHo5nbDdQI,Download or conversion failure
70386,bmHyuXYcnz0,Download or conversion failure
84664,mBjZQsBQzJU,Download or conversion failure
84663,mBfnQph14QY,Download or conversion failure
14382,4quorBI0MF8,Download or conversion failure
14381,4qu68DegwjI,Download or conversion failure
14384,4qwjp6ZezOk,Download or conversion failure
50540,P3p9sZDRmqM,Download or conversion failure
70921,c96uJhO_Mcw,Download or conversion failure
70920,c93kJXbS3Rw,Download or conversion failure
7081,1q5O1ARrflA,Download or conversion failure
7083,1qBz75Zk_vY,Download or conversion failure
7087,1qPLQ2xevxI,Download or conversion failure
7086,1qPFUrt2fE0,Download or conversion failure
7088,1qSBLtLzWlw,Download or conversion failure
92370,ry_Q1V2J_As,Download or conversion failure
69999,bUk3kGxXyh0,Download or conversion failure
8172,2HNxLN59O5Y,Download or conversion failure
8174,2HPvQZdVs6o,Download or conversion failure
8175,2HSdJsp6n6w,Download or conversion failure
8177,2HWdPmrGn7g,Download or conversion failure
8179,2H_XVAI8MrI,Download or conversion failure
9802,2wadsgHvSAM,Download or conversion failure
6943,1ltYP3GeTJw,Download or conversion failure
6941,1ls2CvovnKA,Download or conversion failure
6940,1lqdBjdJgWg,Download or conversion failure
6945,1lwTwIJLn_w,Download or conversion failure
63291,Xmap5zZASI4,Download or conversion failure
88804,pGkcwku5De4,Download or conversion failure
88803,pGeCCINDb4Q,Download or conversion failure
40403,IWNpFVY_7S8,Download or conversion failure
47751,NGPBlFWUrX0,Download or conversion failure
28971,BoulT9ruFaA,Download or conversion failure
13733,4_wu_Ldedyo,Download or conversion failure
69959,bSQmT6gqh4E,Download or conversion failure
11380,3_xhukO8SnI,Download or conversion failure
11385,3a2m03RlWrA,Download or conversion failure
11386,3a3cnDXnb1k,Download or conversion failure
43276,KLhq9D6VXuE,Download or conversion failure
43275,KLeCN7z5f1Y,Download or conversion failure
19155,70t2pppYP-c,Download or conversion failure
19157,70xaHVmqcdw,Download or conversion failure
19151,70mITfwTb24,Download or conversion failure
19152,70nlZpcAIKo,Download or conversion failure
52268,QD7Zu9WnqWM,Download or conversion failure
86444,nTIZkrOJHDI,Download or conversion failure
43186,KI6gKl6QXWU,Download or conversion failure
60350,VjdMG6HIM2M,Download or conversion failure
87581,oL_6sGjPMr4,Download or conversion failure
44985,LTRLbQ1Fg-8,Download or conversion failure
26691,Ah3fMfd9MLc,Download or conversion failure
42588,JuS-XkIEr2E,Download or conversion failure
46003,M7jtDlV39r8,Download or conversion failure
46000,M7gA0MskHRs,Download or conversion failure
43140,KGET1dnWDnQ,Download or conversion failure
64297,YTcVrr0kvis,Download or conversion failure
7865,29Tm9jCNJ8s,Download or conversion failure
7862,29KpgAu0olE,Download or conversion failure
16818,5wNBcUVUbsk,Download or conversion failure
16810,5wA0BIKE444,Download or conversion failure
16813,5wAdASNFAEg,Download or conversion failure
16812,5wAUM63wT14,Download or conversion failure
12123,3sj_-6uX3xk,Download or conversion failure
12127,3smua7rEoIk,Download or conversion failure
10417,3BW4M5hs-EU,Download or conversion failure
10416,3BUlLPydU_0,Download or conversion failure
10415,3BR9QPq2lvI,Download or conversion failure
10414,3BOM4ZCP9f0,Download or conversion failure
10412,3BK4rRrgNP4,Download or conversion failure
8940,2aJ3gtczGUo,Download or conversion failure
8943,2aNQFvpYGaw,Download or conversion failure
8945,2aOxQ7yhhcs,Download or conversion failure
21726,8G87hPDBxDI,Download or conversion failure
26971,AoV-opiSpUg,Download or conversion failure
26978,AoaL5EGxYzY,Download or conversion failure
82454,kZkmHTbS-Lc,Download or conversion failure
49949,OhIOV_MGybA,Download or conversion failure
1993,-m6qEAVp7ZE,Download or conversion failure
45061,LWbNHk-Y6cU,Download or conversion failure
98843,wvaNEa7bKbY,Download or conversion failure
59858,VQBuyi5eJPE,Download or conversion failure
68114,a9UM8x_D3XU,Download or conversion failure
2861,080pcv-kIOo,Download or conversion failure
2864,0844IZkzDRU,Download or conversion failure
2865,084rvSA-D58,Download or conversion failure
2867,0879GtGgcXE,Download or conversion failure
2869,089a2UWj08U,Download or conversion failure
98847,wvqqzMrxFFI,Download or conversion failure
24234,9W2nZQpjhtA,Download or conversion failure
94783,tpVGKHwWdEU,Download or conversion failure
34202,EeNZHpwC_os,Download or conversion failure
35155,FDfBtNQIRRk,Download or conversion failure
28695,BfIUaTu7dRQ,Download or conversion failure
91669,rRnTwfYZAfA,Download or conversion failure
67748,_u6PNgaA4i0,Download or conversion failure
89817,q0EbZI8cEpY,Download or conversion failure
23613,9CBELC8dAMs,Download or conversion failure
23612,9C9ZvXCkugI,Download or conversion failure
23610,9C7B5b6q6wE,Download or conversion failure
23617,9CFRtGYXr9k,Download or conversion failure
97845,w9nldqf9FSo,Download or conversion failure
27768,BDKaxe7ujc8,Download or conversion failure
97842,w9hnN8qYS-8,Download or conversion failure
27761,BDCUHT5uvGk,Download or conversion failure
73721,eAwp5zzaXSM,Download or conversion failure
73727,eBHT2f5Ba_I,Download or conversion failure
92755,sGUl_23hVLA,Download or conversion failure
74718,ewQktDgnuNU,Download or conversion failure
90660,qeZ-0Lr5C_I,Download or conversion failure
52923,QcuVcqHtWbo,Download or conversion failure
52922,QcqSp5bNzOA,Download or conversion failure
60837,W4zbPrwTnq4,Download or conversion failure
74888,f3WpHMYj8Yw,Download or conversion failure
82459,kZroYkNj94s,Download or conversion failure
38259,H8VxbOvsdi0,Download or conversion failure
79820,ical6dR2lKs,Download or conversion failure
2051,-nKy0zN4KVQ,Download or conversion failure
2055,-nOq5m-eRZU,Download or conversion failure
2059,-nV6H288Dr4,Download or conversion failure
2058,-nU58LRK4mM,Download or conversion failure
4825,0vDKBUVHMnc,Download or conversion failure
4823,0v9dlavOwZY,Download or conversion failure
4820,0v7SOVeMw0g,Download or conversion failure
37765,GqXCdbPaQGA,Download or conversion failure
51211,PVS1DRw6-LQ,Download or conversion failure
102587,zt-fpyDnKrY,Download or conversion failure
63872,YDGDS1RBbA0,Download or conversion failure
63870,YD9cNVfwnpA,Download or conversion failure
72915,da1Mhq0lJMc,Download or conversion failure
34943,F4fdpATRwG8,Download or conversion failure
83260,l9GViKW0VrQ,Download or conversion failure
18440,6g0oW4IVOzc,Download or conversion failure
18448,6gF8IZQcS9M,Download or conversion failure
15670,5Q3tQ53dldg,Download or conversion failure
15672,5Q7ocHjcX8Y,Download or conversion failure
5890,1LttACE2T7M,Download or conversion failure
33997,EXYL2GOsAp0,Download or conversion failure
31596,DEVvCmiYD3E,Download or conversion failure
31590,DEMEBU3Ka88,Download or conversion failure
100548,yFyhdpwWBvA,Download or conversion failure
100540,yFDtyGYtleg,Download or conversion failure
100541,yFHpuSEUPXk,Download or conversion failure
41543,JEW8V3K0TEw,Download or conversion failure
27556,B7EBdtqrllY,Download or conversion failure
65111,Z28djCigfh0,Download or conversion failure
86344,nOlrV2k0bfM,Download or conversion failure
81900,kAW6hP9JXVA,Download or conversion failure
91507,rK0-2nPZXa8,Download or conversion failure
101635,z7jxI-on14A,Download or conversion failure
101637,z7m2eax7A14,Download or conversion failure
101631,z7a96h6WSCw,Download or conversion failure
100025,xqAr3Jat5J8,Download or conversion failure
6353,1YNZOydKtTM,Download or conversion failure
10169,34nb4_NIs_4,Download or conversion failure
10167,34nE-I24O6M,Download or conversion failure
10166,34m4-nF9ecg,Download or conversion failure
10165,34lfAybTXD8,Download or conversion failure
10161,34fiuqEpA8s,Download or conversion failure
14888,54Kty9KNWbM,Download or conversion failure
45265,LdV_UJlo6Ao,Download or conversion failure
80957,jTheOpvR3Xc,Download or conversion failure
44135,KuTlS-QKOaE,Download or conversion failure
47133,Mr72AqmKroo,Download or conversion failure
1604,-bLuB5eSKww,Download or conversion failure
1606,-bTFWFcUjNA,Download or conversion failure
71171,cL7Rh_Aqx9M,Download or conversion failure
20958,7sWqfhE9q08,Download or conversion failure
40300,IRuKyTFoTnE,Download or conversion failure
40301,IRvIzNYk2D0,Download or conversion failure
54946,S1xQt9Is7kk,Download or conversion failure
5477,1BKad219Bbk,Download or conversion failure
5473,1BFpJ67aM6s,Download or conversion failure
5471,1BDiUzt9KhM,Download or conversion failure
14266,4nnOjJox4x0,Download or conversion failure
14267,4npDV7xhES0,Download or conversion failure
14260,4nacLrSevsA,Download or conversion failure
83705,lUFAbK8JgYA,Download or conversion failure
47652,NCld_TPjWM8,Download or conversion failure
48933,O0pSFzoLAjY,Download or conversion failure
10021,31jKxU1mKAw,Download or conversion failure
7549,21-zh38ibVI,Download or conversion failure
87414,oDp8_p4tl9A,Download or conversion failure
7545,20xOxyeAHHc,Download or conversion failure
16138,5cP9UaLozmg,Download or conversion failure
16134,5cJozAicvXA,Download or conversion failure
19341,75kT4CjnZQk,Download or conversion failure
19342,75m0cvRBGY0,Download or conversion failure
10997,3QZH1-zE2Fs,Download or conversion failure
10992,3QOZzr4qCsg,Download or conversion failure
10993,3QR8_ZVk8G4,Download or conversion failure
10991,3QMMeY7KcXs,Download or conversion failure
89202,p_GGtRi1VRo,Download or conversion failure
65444,ZIA4j_MI3js,Download or conversion failure
65445,ZIDLiWdVOtQ,Download or conversion failure
65446,ZIGdCBQvm0g,Download or conversion failure
82941,kup8znOKhpM,Download or conversion failure
101771,zEL7ZPzkYhM,Download or conversion failure
2213,-rl_nF8jPVk,Download or conversion failure
2217,-rtOKGtQsRg,Download or conversion failure
2214,-rmnuALwnG0,Download or conversion failure
88171,onmawiBdkkA,Download or conversion failure
96500,vB5hzPg2Dik,Download or conversion failure
43023,KBAOiaEX9EU,Download or conversion failure
43026,KBGcn6ViGwE,Download or conversion failure
84848,mKqv0V63ON8,Download or conversion failure
102419,zkslGsxPw7w,Download or conversion failure
102415,zkgBXdZRS2I,Download or conversion failure
64721,YmcngI0QyvM,Download or conversion failure
11647,3gw60_F28zY,Download or conversion failure
17777,6NavylAT_Qs,Download or conversion failure
17771,6NFhQBssnRQ,Download or conversion failure
60677,VyCnhrhdEu4,Download or conversion failure
27943,BJCPgxnxTHM,Download or conversion failure
21390,85_aWvr2-0I,Download or conversion failure
21398,85q-_UiOD_M,Download or conversion failure
20446,7bjpkBaubqc,Download or conversion failure
89972,q7t2ug6UdF4,Download or conversion failure
75786,fieaAjLZqhA,Download or conversion failure
63094,XexQGLwT9b8,Download or conversion failure
63092,XevN6Z9AclU,Download or conversion failure
9284,2j11JAKx2PE,Download or conversion failure
9287,2j5wZz7CJkU,Download or conversion failure
9286,2j5YdtdAldM,Download or conversion failure
9280,2iwPgYGH_Ew,Download or conversion failure
10205,35fhONQ6R6s,Download or conversion failure
10201,35YYSamB_Mc,Download or conversion failure
10208,35l-Ty6PNR8,Download or conversion failure
10209,35nE8UvkQi0,Download or conversion failure
102109,zW4uSeoWbq8,Download or conversion failure
37961,GxwbsMVEO8M,Download or conversion failure
30992,CuazNYNIl5c,Download or conversion failure
26726,Ai-uK-Y6RrU,Download or conversion failure
92438,s17yCeCvcao,Download or conversion failure
24376,9_GkIqp37rw,Download or conversion failure
2986,0BaMj-LMg1E,Download or conversion failure
2985,0BYFmw_wpsE,Download or conversion failure
68927,aiL2NkJRPsA,Download or conversion failure
77341,gpIN0eJMcxw,Download or conversion failure
30282,CWYMuzMPv4Q,Download or conversion failure
438,-9vvYUOEKDA,Download or conversion failure
92294,ruXOdoVYXB8,Download or conversion failure
73114,djdKsaaGwWk,Download or conversion failure
93573,ssYa3h1VET8,Download or conversion failure
100838,yVR91aTp4tc,Download or conversion failure
100834,yVGgpgpcgQM,Download or conversion failure
74695,ev_POl0nSXA,Download or conversion failure
74692,evQEmP_xD7s,Download or conversion failure
23809,9HwsV0U3HDQ,Download or conversion failure
23803,9HlD1ku2dmg,Download or conversion failure
23801,9Hi2Ni6FAm0,Download or conversion failure
81313,jj2Vt5Z57DE,Download or conversion failure
27138,Ato-pspaOcs,Download or conversion failure
27133,AtfKTLHkOK0,Download or conversion failure
27130,AtcIKw6jySM,Download or conversion failure
27136,Atmv7HYs-uk,Download or conversion failure
27137,AtnypbbtsfE,Download or conversion failure
25402,A66oqD2hz4M,Download or conversion failure
42295,JiFUF4kGvmE,Download or conversion failure
23382,94s802HX2gw,Download or conversion failure
98738,wqx-OMtxV-w,Download or conversion failure
98734,wqoaiokvzVs,Download or conversion failure
75876,fnDEzzJ4HZ8,Download or conversion failure
66789,_CL3iDN3kIc,Download or conversion failure
23388,954yvHtjx5E,Download or conversion failure
1057,-OBDFmzhD8Y,Download or conversion failure
101873,zJ37EKPKP7E,Download or conversion failure
57328,TfESpuZhSTE,Download or conversion failure
101874,zJ8hXQBtM_M,Download or conversion failure
57324,Tf0Qf0NHBuM,Download or conversion failure
101879,zJJwNUC_gRw,Download or conversion failure
57320,Tes3TcqA-BA,Download or conversion failure
57323,TezHS1rnCxY,Download or conversion failure
37515,GfL1en2SpjA,Download or conversion failure
75149,fFgMA3pk2Qw,Download or conversion failure
37518,GfOU0rW09Wg,Download or conversion failure
79285,iE7HjTJZmM0,Download or conversion failure
3794,0W-2PT_7tRY,Download or conversion failure
3796,0W25rR-M0zA,Download or conversion failure
3792,0VxCXjIFJZI,Download or conversion failure
2154,-q4z3-tTFfs,Download or conversion failure
2157,-q6XweXkBuE,Download or conversion failure
4987,0zVl0vWHiyk,Download or conversion failure
76308,g6TlOWIaUEI,Download or conversion failure
86527,nWt5ZYiAv5M,Download or conversion failure
14068,4inDkxc7whw,Download or conversion failure
3243,0HnpB5kc5F0,Download or conversion failure
3241,0HmELJ6RgG0,Download or conversion failure
3240,0Hi05VgZn2w,Download or conversion failure
3245,0Hr4NeiUvQA,Download or conversion failure
38776,HSn8n4DsGSg,Download or conversion failure
38777,HSnEf_jVUIg,Download or conversion failure
88853,pIhPNmvP_Bo,Download or conversion failure
76752,gQvWJwQMIMg,Download or conversion failure
4317,0i0Cp0Isu30,Download or conversion failure
13499,4VEMzwgdvws,Download or conversion failure
40141,ILQfv9o8vnM,Download or conversion failure
67443,_ecSuIlkVJU,Download or conversion failure
47495,N5XlKIX-YFY,Download or conversion failure
18189,6Zdr8ZyM0fs,Download or conversion failure
89728,px129REBhwI,Download or conversion failure
18181,6ZMFLWBIYe8,Download or conversion failure
13493,4V0HFle9WGc,Download or conversion failure
60560,VsbLjDOXuBI,Download or conversion failure
518,-Bnctvh_6uc,Download or conversion failure
510,-BZ6I5i_kW4,Download or conversion failure
513,-BcfPQbEgqI,Download or conversion failure
512,-BaMFLQMRWg,Download or conversion failure
515,-BjbonGxYrY,Download or conversion failure
514,-BdPW1c_3_8,Download or conversion failure
517,-Bks13V8A5Y,Download or conversion failure
6536,1bkZtEi2NtQ,Download or conversion failure
6534,1bhNR5nqEyg,Download or conversion failure
6532,1bg9tK5KaY4,Download or conversion failure
14116,4kJpFEFXNPo,Download or conversion failure
53495,R2gZ6FRhc3w,Download or conversion failure
16006,5ZSh7SW8zXM,Download or conversion failure
77807,hAW4c7GH5kw,Download or conversion failure
14118,4kKTfAZZgSU,Download or conversion failure
72320,dAepTxzUYFQ,Download or conversion failure
71645,ciLKfctCGQs,Download or conversion failure
16009,5ZYCFhckKnA,Download or conversion failure
31380,D6jhmTPXb4A,Download or conversion failure
84832,mK4_P5pykjw,Download or conversion failure
4162,0eO9izLB2YM,Download or conversion failure
4161,0eNQpveEhdk,Download or conversion failure
69528,b86pOvpCk9o,Download or conversion failure
20698,7kRq3CX0TCY,Download or conversion failure
6542,1bujWRHVNaU,Download or conversion failure
43557,KYVV8BdGE6E,Download or conversion failure
43558,KYWzG_qy96A,Download or conversion failure
19634,7Ekb8pAxRh4,Download or conversion failure
19635,7EqKv6ryDec,Download or conversion failure
19636,7EqRe6WnzHA,Download or conversion failure
17574,6Gr7ccTgv8k,Download or conversion failure
13400,4SfBKQfHckI,Download or conversion failure
41952,JW644W5bw0M,Download or conversion failure
101409,yxro4uO-3gg,Download or conversion failure
100937,y_BVahQO254,Download or conversion failure
101402,yxSB2ZpwjNA,Download or conversion failure
101406,yxnA4AEcqfs,Download or conversion failure
20603,7h3ejIwXNVU,Download or conversion failure
20605,7h4Y8DYnaa4,Download or conversion failure
20609,7hCQEkRbRdo,Download or conversion failure
62432,XE9XTkYD1pY,Download or conversion failure
81929,kBqQqvWWylI,Download or conversion failure
49511,OPc3qVvZ-XM,Download or conversion failure
85004,mRsgW6P70IM,Download or conversion failure
48469,Nhs2SZQ3d3I,Download or conversion failure
48468,NhpLkg29VTo,Download or conversion failure
48465,Nhk3HCK-5ns,Download or conversion failure
37083,GPN4HyzFShY,Download or conversion failure
7368,1xEV_pmx-_k,Download or conversion failure
7363,1x5JDq-NcaM,Download or conversion failure
7365,1x6bWKKAvKo,Download or conversion failure
7366,1x6oEoS24RQ,Download or conversion failure
7367,1xAcP3Eazqw,Download or conversion failure
11939,3oQoMYHBFUM,Download or conversion failure
11933,3oHKKQIp7Ag,Download or conversion failure
11932,3oDtEx6cBfs,Download or conversion failure
11930,3o9_beMMvRM,Download or conversion failure
59172,UxgmE6nV934,Download or conversion failure
46616,MXq_b0gLKpE,Download or conversion failure
47716,NFCOUo0QaP8,Download or conversion failure
86075,nBr10qrRV8k,Download or conversion failure
15949,5XnjpgURugA,Download or conversion failure
15944,5XdwGQs5DZU,Download or conversion failure
94456,t_fHxUZ6qKg,Download or conversion failure
52692,QUunAF0sf-s,Download or conversion failure
1030,-NbQtU6kHDQ,Download or conversion failure
1036,-No9wfR6jsY,Download or conversion failure
11069,3SVxeuUVWfg,Download or conversion failure
11068,3SUYk3c-wyQ,Download or conversion failure
11061,3SLoEvoO94k,Download or conversion failure
8660,2Tbwd_4Psl8,Download or conversion failure
8662,2Thh7HeFKuk,Download or conversion failure
17897,6QqUUWFPtsQ,Download or conversion failure
66845,_F5gcBl8IHE,Download or conversion failure
66844,_F4ki47rWQQ,Download or conversion failure
28843,BkRfHbZMxDo,Download or conversion failure
8084,2FLWHYDMedQ,Download or conversion failure
8085,2FNHhYPcFd8,Download or conversion failure
8089,2FQ7nRoKPrk,Download or conversion failure
25172,A-OPMSPUETs,Download or conversion failure
25174,A-RFkSYjAw8,Download or conversion failure
25177,A-ilwnVdZe4,Download or conversion failure
82599,kfcHHVIxThw,Download or conversion failure
101657,z8aRn9dXxE0,Download or conversion failure
101656,z8aE_PZTRts,Download or conversion failure
10811,3LqKwILBqKk,Download or conversion failure
101655,z8_5Lk7A_Fs,Download or conversion failure
10815,3LvaNkFS3dM,Download or conversion failure
96711,vKFJRNrPoGU,Download or conversion failure
16302,5gr_15_Huzg,Download or conversion failure
2391,-w16y9PQtIM,Download or conversion failure
63420,Xsc46pM1Is8,Download or conversion failure
45639,Lt7zdJ-Y5G8,Download or conversion failure
63428,Xt6dAaLuWGk,Download or conversion failure
21211,8-y9A10qIBw,Download or conversion failure
21213,8-ySrTP_HZw,Download or conversion failure
21217,805a9tAihaA,Download or conversion failure
21216,804d-ZN16Jc,Download or conversion failure
1858,-iEO7-E4JJ8,Download or conversion failure
1850,-i4w3yV4ge8,Download or conversion failure
1851,-i5T59IkXBY,Download or conversion failure
1853,-i8bUT9k9FU,Download or conversion failure
1854,-i99pRQ6L5g,Download or conversion failure
1857,-iDEnaFYOOg,Download or conversion failure
81024,jX1w2ujvsXs,Download or conversion failure
81021,jWnC7HKOGvk,Download or conversion failure
49478,OOMTU5jsUvQ,Download or conversion failure
68065,a6z9eUhrr2U,Download or conversion failure
98975,x16f06a4tJA,Download or conversion failure
60737,W-kc7aGMq0w,Download or conversion failure
94620,thNNkbUVw_k,Download or conversion failure
7946,2BkLe9aJ0DI,Download or conversion failure
102209,zbLTuaOt_IQ,Download or conversion failure
102208,zbG_2sjyOS0,Download or conversion failure
102207,zbFtlCU60oE,Download or conversion failure
102201,zb-CzvnmVAo,Download or conversion failure
102200,zapIGEiw48s,Download or conversion failure
54646,RqS9BKJs5cU,Download or conversion failure
54647,RqUEoY1Zui0,Download or conversion failure
54644,RqQF1FE2Ztc,Download or conversion failure
7942,2BfSQadjnmc,Download or conversion failure
32899,DutV21d29gk,Download or conversion failure
62775,XRl6y9HzpQc,Download or conversion failure
78047,hLFi_wMvgYk,Download or conversion failure
91395,rEuJB6R8SFs,Download or conversion failure
99622,xX4rOu4_Dws,Download or conversion failure
601,-Dqs5gfCs6w,Download or conversion failure
603,-DsZ-XfJRCE,Download or conversion failure
23103,8ws4M3n7uaU,Download or conversion failure
609,-E12ckSK3fY,Download or conversion failure
23105,8wvEhOrLi00,Download or conversion failure
54664,RrQqU1xHXxM,Download or conversion failure
59432,V7i31-AtH1E,Download or conversion failure
26885,Am5r4LvpezQ,Download or conversion failure
26887,AmAI6ye9l8Y,Download or conversion failure
78773,hsZUSixoEfI,Download or conversion failure
31142,CzO7nPdWLa4,Download or conversion failure
91973,rffCLoqMnUg,Download or conversion failure
50014,OkFNmmae27g,Download or conversion failure
66107,ZilnNFGdL7g,Download or conversion failure
66108,Zip2zHB2At4,Download or conversion failure
61450,WVc8abTpssc,Download or conversion failure
24564,9fuz6pardKQ,Download or conversion failure
15397,5IKoN5QtUgM,Download or conversion failure
15396,5IJrTdnJvfE,Download or conversion failure
3850,0XbqYXFS3I0,Download or conversion failure
24652,9jxCG_Iinks,Download or conversion failure
22765,8lxZg-UQGq4,Download or conversion failure
22767,8m2uZL2PqMs,Download or conversion failure
22769,8m741M3jMgM,Download or conversion failure
31998,DRSiR-dkmU8,Download or conversion failure
73304,ds4ZopZbrDU,Download or conversion failure
77680,h4mOTTBMGEc,Download or conversion failure
100099,xtxmtBWh0sM,Download or conversion failure
55225,SDGGeDfpjvI,Download or conversion failure
51765,Pr3u8Axuwok,Download or conversion failure
32626,DlA8O1WMCas,Download or conversion failure
32627,DlCzVUzwUAY,Download or conversion failure
75687,fdcMp43ofyQ,Download or conversion failure
4558,0omtm408iqo,Download or conversion failure
4554,0oc608_yMjs,Download or conversion failure
27301,AzaKcCAROAM,Download or conversion failure
27302,Azgv9JlyJVk,Download or conversion failure
54691,RsbuJpMk-gs,Download or conversion failure
54690,Rs_M6vjlDC8,Download or conversion failure
25231,A1-qvg8Inys,Download or conversion failure
21408,865BKZqPdVM,Download or conversion failure
25238,A1LI2sGliaI,Download or conversion failure
8863,2Z7BYuJqVkM,Download or conversion failure
74334,eeTP65f4Sn4,Download or conversion failure
74335,eeVn1o4_Hzw,Download or conversion failure
74330,eeFsqDCZgSE,Download or conversion failure
74331,eeGt0pgL1xk,Download or conversion failure
74333,eeNw3_nsEdM,Download or conversion failure
54699,RsrP4_4qWU8,Download or conversion failure
71181,cLstzSAsncQ,Download or conversion failure
15734,5RTcznuykA8,Download or conversion failure
65744,ZUFklKcpGpA,Download or conversion failure
101937,zNLca6Dh6-k,Download or conversion failure
101930,zMxaNxnpvEc,Download or conversion failure
101931,zMzqycAbkZQ,Download or conversion failure
21403,85xX9hReBbQ,Download or conversion failure
71306,cSA0kC2cKfw,Download or conversion failure
14494,4txvvFtqL_4,Download or conversion failure
33173,E3krgoJesWk,Download or conversion failure
49793,OaiL2UHSWjs,Download or conversion failure
30481,CcE4Aqy8h9k,Download or conversion failure
7005,1nmN8q_Mzfo,Download or conversion failure
18684,6nYuZegCDDI,Download or conversion failure
742,-H1aS3QG3ZM,Download or conversion failure
747,-H6rJ0i2NME,Download or conversion failure
748,-H8PWsf35Wo,Download or conversion failure
749,-HBvxxKEWrI,Download or conversion failure
83356,lDGufJljKuc,Download or conversion failure
83353,lD9MetLe5MM,Download or conversion failure
47868,NL4A6LIC5ps,Download or conversion failure
14597,4xG4Nlh9w20,Download or conversion failure
40489,IZGXmwbe_eM,Download or conversion failure
18027,6Ulxh9xxqgA,Download or conversion failure
18024,6Ug6AWopVQk,Download or conversion failure
33828,ERT0yECxXj0,Download or conversion failure
72820,dXgUTfbexUg,Download or conversion failure
31460,D9quwQYD6eQ,Download or conversion failure
5743,1IEgmFGA0xw,Download or conversion failure
5747,1IKMdBm4p0M,Download or conversion failure
11301,3YkfTUmsh6g,Download or conversion failure
47131,Mr1osivONGk,Download or conversion failure
68631,aVZCsIGuCRM,Download or conversion failure
15214,5Df5cVfPeqM,Download or conversion failure
15210,5DKL664aE3Q,Download or conversion failure
87501,oI1U9GkdN-I,Download or conversion failure
15219,5Di-iiqwx2s,Download or conversion failure
16549,5nxRyn-cloU,Download or conversion failure
16543,5nqSJb0uM5Y,Download or conversion failure
16545,5nsBe0jg3X0,Download or conversion failure
16544,5nrSQuCOmF8,Download or conversion failure
12650,4720VXHoWLM,Download or conversion failure
100650,yL1cg1cNz4w,Download or conversion failure
7,--330hg-Ocw,Download or conversion failure
16893,5yRHdMXcnbo,Download or conversion failure
21059,7w64os5-TxE,Download or conversion failure
21058,7w3DRectEM0,Download or conversion failure
21057,7w-HAaQo_aI,Download or conversion failure
21055,7vwgAm0I4gs,Download or conversion failure
21054,7vw_UECm06s,Download or conversion failure
80292,iyjH5XmMuRc,Download or conversion failure
81229,jfOy74l4bIk,Download or conversion failure
64163,YOpvbtv05Z0,Download or conversion failure
81222,jfBI9oAf75U,Download or conversion failure
81223,jfE-YDAcNC0,Download or conversion failure
64166,YOuBSVA8m2k,Download or conversion failure
77174,gi8DWbKzvQc,Download or conversion failure
53132,QmjCNGpjXo8,Download or conversion failure
53134,QmnPXX85mCU,Download or conversion failure
53139,Qn3hwMZIsMg,Download or conversion failure
54482,RjZMbEP35kg,Download or conversion failure
96861,vSLGnL-FQLg,Download or conversion failure
54486,RjhEoiJOOE8,Download or conversion failure
54489,RjoYUAHtL8E,Download or conversion failure
1911,-jg1u8LGYJI,Download or conversion failure
10499,3DUus6e9v5U,Download or conversion failure
10498,3DRjPtu_lPs,Download or conversion failure
883,-KU0rKvbJsY,Download or conversion failure
885,-KVrHjbwy5M,Download or conversion failure
14975,56t1bd0AgBE,Download or conversion failure
14976,56u7Pdc0MPw,Download or conversion failure
20011,7QOL_NbrkEw,Download or conversion failure
20012,7QOwGFo2_f4,Download or conversion failure
20013,7QQco5nBYmY,Download or conversion failure
94702,tljlyV2QNj4,Download or conversion failure
40811,Il9gDHN7fSE,Download or conversion failure
40816,IlRDA7acJdo,Download or conversion failure
40814,IlKTytCmu1c,Download or conversion failure
40815,IlPgx6LbP8M,Download or conversion failure
1269,-Tm1A0YWcY0,Download or conversion failure
1260,-TYaP9KMzBA,Download or conversion failure
1267,-Thh8i26WWQ,Download or conversion failure
28405,BXClFozMU5w,Download or conversion failure
8780,2WlMLaR-sP8,Download or conversion failure
8785,2Wu06rOI7s0,Download or conversion failure
30604,Ch9Nigxbh_U,Download or conversion failure
8430,2NkH-T_75ew,Download or conversion failure
9825,2x5Lj8m91BY,Download or conversion failure
66470,ZzXp7HB6JY0,Download or conversion failure
66475,ZzhQPQwPgOg,Download or conversion failure
22562,8fkPjHL7YdU,Download or conversion failure
22565,8fs1cSrtL7U,Download or conversion failure
31554,DDB250xVlbM,Download or conversion failure
55421,SLm9Lx_nNkE,Download or conversion failure
45066,LWyM0eJH5Aw,Download or conversion failure
90770,qjyWgS3J0Qw,Download or conversion failure
93049,sTYaHShvWic,Download or conversion failure
51212,PVTYWNDQSf8,Download or conversion failure
32397,DdbXSPEXuQ4,Download or conversion failure
89006,pQdkDp32yq8,Download or conversion failure
25039,9wQaQJq0Aok,Download or conversion failure
25034,9wJ5FKKkQkw,Download or conversion failure
65351,ZDnjINYsBMM,Download or conversion failure
82252,kQs6MMqzDPc,Download or conversion failure
24923,9tC9cVtEuQU,Download or conversion failure
24924,9tDZq-379-o,Download or conversion failure
24925,9tF6F5-U_PE,Download or conversion failure
2585,00R_wZJ8Y4o,Download or conversion failure
2580,00HwP4YGQC4,Download or conversion failure
2589,00VX0MgJ5Vk,Download or conversion failure
97344,voWrMNKIcLE,Download or conversion failure
99123,x7wJ8bIWdjo,Download or conversion failure
2639,022Ax5JfAL4,Download or conversion failure
2638,021r3luEmPk,Download or conversion failure
9598,2rmfrPNTpyY,Download or conversion failure
9594,2rjkM_UZ0Q4,Download or conversion failure
9591,2rbWnqEycqo,Download or conversion failure
9590,2rZvDtZIaD4,Download or conversion failure
9593,2rjN0VZ6UDU,Download or conversion failure
9592,2rhwJZ0cy3Y,Download or conversion failure
102073,zUP1TE8ZUsc,Download or conversion failure
102076,zUXR5U5muxY,Download or conversion failure
102077,zUXRqKnfgWY,Download or conversion failure
102075,zUVQ8DRjqHw,Download or conversion failure
52017,Q1E_jRYQASI,Download or conversion failure
9047,2d317JrrkI0,Download or conversion failure
9044,2czrWdZ01wE,Download or conversion failure
98830,wv2knlhmepM,Download or conversion failure
24072,9QeezFP1rCU,Download or conversion failure
20977,7tBFmjKv0HU,Download or conversion failure
20974,7t3vVayTCrQ,Download or conversion failure
20973,7t1QnT6V4KM,Download or conversion failure
20978,7tIqTGTvLPE,Download or conversion failure
30138,CSP6wFKTO0w,Download or conversion failure
78635,hmYUkalTjaQ,Download or conversion failure
78630,hm89JIArHco,Download or conversion failure
4338,0iTS3KVLTf8,Download or conversion failure
4336,0iO44OTCyac,Download or conversion failure
3134,0FE2J7RJrco,Download or conversion failure
3137,0FJMXT1NJQM,Download or conversion failure
3132,0FBhrBoaCO4,Download or conversion failure
37854,GuFqIYMAkjs,Download or conversion failure
3139,0FLTU21nzto,Download or conversion failure
27524,B6-k2OOqEbU,Download or conversion failure
27527,B637w59y8i8,Download or conversion failure
27526,B62t1I4RZdw,Download or conversion failure
27522,B5t-BPZt3nw,Download or conversion failure
27529,B68yvAz1PEA,Download or conversion failure
80238,ivjfP3SLxgE,Download or conversion failure
42048,JZ_dQgeMMPo,Download or conversion failure
93586,stFh0CmRbqo,Download or conversion failure
74984,f89R4aTiVEw,Download or conversion failure
74982,f7yePvuAplE,Download or conversion failure
15327,5GXyvMtudic,Download or conversion failure
72770,dW8idxq6H6U,Download or conversion failure
76850,gVKy2RrUFes,Download or conversion failure
23311,929x2qYF5fI,Download or conversion failure
23316,92Ixwcmw-OM,Download or conversion failure
77182,giR8LmsR5y8,Download or conversion failure
92587,s8AXi56SPz0,Download or conversion failure
32989,DyMsBs0CXqM,Download or conversion failure
6601,1dN4Sdl-ZN8,Download or conversion failure
6604,1dQj6zn9cXI,Download or conversion failure
49799,Ob0WihCnz5Y,Download or conversion failure
15329,5GZe3-CbQIA,Download or conversion failure
29233,Bxekkwv5CFU,Download or conversion failure
92057,rjFL9gmmh2Q,Download or conversion failure
22045,8QwZsrLNk0w,Download or conversion failure
22041,8QnPanDomDw,Download or conversion failure
22043,8QpWsA41E80,Download or conversion failure
77726,h6gEYHC8y0Y,Download or conversion failure
77723,h6XAekcKfno,Download or conversion failure
77729,h6qqCFQKCyE,Download or conversion failure
43927,KlFSxThf0do,Download or conversion failure
90900,qqSq2vhWMAM,Download or conversion failure
4692,0rrQS9Nt48s,Download or conversion failure
4694,0rtCu7TKQKE,Download or conversion failure
4697,0rx74nawZvE,Download or conversion failure
4698,0ry6MOZmmf4,Download or conversion failure
5160,13Pqo2JAhQc,Download or conversion failure
5164,13Tjke8F8DY,Download or conversion failure
5167,13WnlxzBU6k,Download or conversion failure
5169,13_cC6FwNTM,Download or conversion failure
41381,J8HOfl5DyCQ,Download or conversion failure
32582,DkC6BHz0XO4,Download or conversion failure
39892,IAccdvmusOs,Download or conversion failure
36665,G9cpl27TYw8,Download or conversion failure
83836,l_v2w5rEaaE,Download or conversion failure
85786,mzxtnX4Rh7o,Download or conversion failure
83780,lYL2H0yjTLk,Download or conversion failure
83785,lYYK1BT7sHs,Download or conversion failure
88092,ojgPUVaRnJg,Download or conversion failure
8232,2IsgfovbWC4,Download or conversion failure
8236,2IxkjMrJxng,Download or conversion failure
15539,5M5TrT9Elpc,Download or conversion failure
59414,V6inTD6ICGY,Download or conversion failure
59416,V6qCMkCPyNE,Download or conversion failure
86499,nVQyIAp_e4Q,Download or conversion failure
37132,GR44KdV5e3k,Download or conversion failure
56478,T4hxh1GB4nI,Download or conversion failure
88927,pLzjCimjeHo,Download or conversion failure
88921,pLl-McANzSI,Download or conversion failure
44865,LNyl2RKdhsU,Download or conversion failure
20660,7itBfUT7cJs,Download or conversion failure
19937,7O3cxT7FZPo,Download or conversion failure
29696,CCLlf3hjVNk,Download or conversion failure
19934,7O-oxrTMYxA,Download or conversion failure
19931,7NpSlCZgrKg,Download or conversion failure
90740,qiO_TAmXtfs,Download or conversion failure
96581,vF9Ek88Rt2c,Download or conversion failure
11534,3e5ZmoIv9HA,Download or conversion failure
19105,7-HKV2yUSM0,Download or conversion failure
65115,Z2TgJJNMmSQ,Download or conversion failure
65118,Z2WsqEP7lzw,Download or conversion failure
88699,pBNZOECekF8,Download or conversion failure
12058,3rJqgw6013U,Download or conversion failure
46161,MEhfW1LWRss,Download or conversion failure
97181,vgo5Sw_XJMc,Download or conversion failure
69149,arFwKX6iU38,Download or conversion failure
69141,aqtcvHTTwmo,Download or conversion failure
16166,5dEWjIBVYLo,Download or conversion failure
46299,MKxVDAf9Egw,Download or conversion failure
9202,2gs0Ltt5niY,Download or conversion failure
99492,xQ6yDb4_dDs,Download or conversion failure
9208,2gyTG7QRqxc,Download or conversion failure
12373,3zjieu8ophs,Download or conversion failure
12375,3zmjqc-csQQ,Download or conversion failure
12376,3zoV8zq49Yk,Download or conversion failure
12377,3zovCEbGwRI,Download or conversion failure
54852,Rz18MBDxtAI,Download or conversion failure
10287,37pB2I0F-8I,Download or conversion failure
10281,37dY3mT7F9U,Download or conversion failure
21577,8BVWKX_0nxw,Download or conversion failure
13395,4SSfuIIWoN8,Download or conversion failure
13390,4SIuuAQ3YLk,Download or conversion failure
13392,4SKUPGIwvyA,Download or conversion failure
13399,4SbXNmgnyio,Download or conversion failure
2907,09UvgS5vp-A,Download or conversion failure
2906,09UQCwXcAdU,Download or conversion failure
44474,L85CVvOg2x0,Download or conversion failure
11889,3n5lzbZNjOQ,Download or conversion failure
20196,7V_WqBGXuYQ,Download or conversion failure
13027,4H52d8aXYSo,Download or conversion failure
54146,RVghehsm-2g,Download or conversion failure
20228,7WOWia-sJNw,Download or conversion failure
87497,oHuLkHjJZB8,Download or conversion failure
23554,9ATYa4Zv37w,Download or conversion failure
23552,9AStvN-_R6I,Download or conversion failure
72052,d-4Tvrj2yKc,Download or conversion failure
27645,B9s7xhvx3po,Download or conversion failure
27641,B9nNqg4SUqk,Download or conversion failure
27642,B9oEQr_bDtU,Download or conversion failure
51536,Ph7dhKWV26E,Download or conversion failure
97966,wG8pzAWw5KY,Download or conversion failure
59044,Urz_h_2rB2o,Download or conversion failure
61624,Wc1VTx0MOsU,Download or conversion failure
61430,WUrJun4lxDQ,Download or conversion failure
74613,erXZhhhZNKA,Download or conversion failure
74612,erVkKsB7v6c,Download or conversion failure
8576,2REMfqgV5gk,Download or conversion failure
8570,2R7iLbxtweY,Download or conversion failure
8571,2R7p_Ac26mU,Download or conversion failure
8572,2R7tvtNxze4,Download or conversion failure
35018,F8BbP5D3y9U,Download or conversion failure
45550,Lp-stJVQQQ8,Download or conversion failure
51392,Pb3bnD21Uyo,Download or conversion failure
32219,DYxKKhhxbhU,Download or conversion failure
32215,DYiESeuUSRo,Download or conversion failure
22687,8jQuQuO5TtE,Download or conversion failure
22685,8jLxfIMXGc8,Download or conversion failure
22684,8jLpaD13gdU,Download or conversion failure
56547,T7KWZf_ZsWs,Download or conversion failure
52847,Q_dUdVPfNc4,Download or conversion failure
56540,T6uIjrEeklE,Download or conversion failure
60974,WBhUUh0iPxI,Download or conversion failure
65255,Z9PNVyLpfMY,Download or conversion failure
75566,fYXgUqLhvUY,Download or conversion failure
75562,fYR10k61sfk,Download or conversion failure
24677,9klKFyxj3ZU,Download or conversion failure
87594,oLxTnxDZEug,Download or conversion failure
25480,A8ZZvUexdQo,Download or conversion failure
3710,0TumqT-_n9k,Download or conversion failure
21904,8M7mjMPVb5M,Download or conversion failure
79907,igCrpO1C6EQ,Download or conversion failure
4905,0xa8pUjSyxg,Download or conversion failure
4907,0xcBKwbIlU8,Download or conversion failure
60026,VWfPcyX6cDo,Download or conversion failure
16724,5t9scmKACus,Download or conversion failure
94840,tsalAU58oSE,Download or conversion failure
53824,RHHJY5JAG_c,Download or conversion failure
1180,-RP1-cUHLT8,Download or conversion failure
1181,-RRKTvEEWls,Download or conversion failure
99699,xa8WLygQdeE,Download or conversion failure
15732,5RSEXD89PkE,Download or conversion failure
18276,6bUb8AmMA6w,Download or conversion failure
31650,DGlkpq0Fr6U,Download or conversion failure
31652,DGobtmB4lH8,Download or conversion failure
78702,hpD-OAnjWaw,Download or conversion failure
68375,aJorbhcp5k8,Download or conversion failure
68374,aJljZvtQ3EM,Download or conversion failure
35885,FgG53ueGYqQ,Download or conversion failure
35887,FgYNZ-hcAVk,Download or conversion failure
101226,ynqoiWZ-j8I,Download or conversion failure
100421,y9OkgY2fKQc,Download or conversion failure
76136,fzrLxKImp50,Download or conversion failure
58967,Uon6PwK5EdQ,Download or conversion failure
100289,y3DOWoroAZA,Download or conversion failure
35222,FGs-H19DZbQ,Download or conversion failure
100287,y31pyvfQblY,Download or conversion failure
14665,4z46NrHPYWk,Download or conversion failure
91303,rAlW-ivyB-s,Download or conversion failure
101770,zEJGN03wp_k,Download or conversion failure
16154,5cqiIZK5YME,Download or conversion failure
101774,zEO7ngzHGUI,Download or conversion failure
87951,od79V-gndfw,Download or conversion failure
43882,Kjc4ERs-19Y,Download or conversion failure
101480,z-nY9YXRb1k,Download or conversion failure
38602,HLwavHVr6wk,Download or conversion failure
54554,Rme6UTbWgBY,Download or conversion failure
60528,VrTo58tNVBA,Download or conversion failure
83432,lGe-sDCiBF0,Download or conversion failure
85085,mVm11KjG2A0,Download or conversion failure
10048,32LdQtIQblA,Download or conversion failure
10041,329OXJ9r0q8,Download or conversion failure
10042,32B2dMr5RgM,Download or conversion failure
58614,UZAt5SUEgb0,Download or conversion failure
85625,mtGUMl4z6FE,Download or conversion failure
44278,L-GdKKOFel0,Download or conversion failure
42826,K30mmvdxpyI,Download or conversion failure
44752,LJN2EOh_HXk,Download or conversion failure
64762,YoJhl1z2mZs,Download or conversion failure
5335,17fNoJrXacA,Download or conversion failure
5339,17xCyq_4wvs,Download or conversion failure
70499,bqOZCTtKPGs,Download or conversion failure
18736,6ocKExKcr2A,Download or conversion failure
18730,6oUaB7rBG88,Download or conversion failure
18739,6ohU5qMW9yo,Download or conversion failure
17812,6OTNz254tQw,Download or conversion failure
17813,6OU-mfSmfjI,Download or conversion failure
87179,o2B2G3dfPTc,Download or conversion failure
87172,o1qyfba55LM,Download or conversion failure
47996,NQ0PRMb-g24,Download or conversion failure
87810,oX_XdxqTE9Y,Download or conversion failure
54311,Rc5DigFrNtE,Download or conversion failure
12550,446hbX7noxc,Download or conversion failure
12555,44C9XbArrpQ,Download or conversion failure
12556,44EP9_jiZS0,Download or conversion failure
8004,2D2mIVWFj8k,Download or conversion failure
8007,2D7NypFcjgg,Download or conversion failure
83388,lEPCgw2QID8,Download or conversion failure
7461,2-2V3XHpBM8,Download or conversion failure
7466,2-51vBAJ3u0,Download or conversion failure
65096,Z1ce4xpvtEo,Download or conversion failure
16077,5aGQ7utOLQA,Download or conversion failure
10898,3ODxMxM5czA,Download or conversion failure
10893,3O6xeu3t93Y,Download or conversion failure
10890,3O0Oi_uBis0,Download or conversion failure
75245,fKJkguUPQ-M,Download or conversion failure
13606,4Y66devJ-gg,Download or conversion failure
13605,4Y5M0ci5Fqo,Download or conversion failure
13608,4YAgQkRZs8M,Download or conversion failure
2312,-uSm3A_X8z4,Download or conversion failure
2313,-uTWiuNdiIg,Download or conversion failure
2310,-uNTLpkNGHk,Download or conversion failure
2311,-uOFKPZDcMY,Download or conversion failure
5856,1LGQ1dUHT0Q,Download or conversion failure
5850,1L41_50TpU4,Download or conversion failure
66334,ZthuxDaoLIo,Download or conversion failure
58452,UR-FIFczpSg,Download or conversion failure
17382,6BHPdpLyELE,Download or conversion failure
17383,6BHZG74GZl8,Download or conversion failure
11767,3jpNfb8Xwfo,Download or conversion failure
11764,3jniEg2TXIo,Download or conversion failure
17032,61wq0VSNPOY,Download or conversion failure
17039,62E7kAHKqMg,Download or conversion failure
90794,qlkN4tCN37o,Download or conversion failure
66331,ZtdVxWmxDv8,Download or conversion failure
90792,qlZCl8UhAAY,Download or conversion failure
64050,YKPbbKIga9k,Download or conversion failure
21295,82_Fggnh14o,Download or conversion failure
21296,82a4IVkaV34,Download or conversion failure
20522,7eOrKcZ7dWo,Download or conversion failure
20527,7efKa4N8Jiw,Download or conversion failure
99515,xRV0L4WITNw,Download or conversion failure
91284,r9JbzjoyGiM,Download or conversion failure
12231,3w8Tw_op10A,Download or conversion failure
42124,JbqGwtkQcV0,Download or conversion failure
12238,3wM5WAULE8E,Download or conversion failure
81438,joUdL3J8nw8,Download or conversion failure
10563,3FJN4BZSO78,Download or conversion failure
10562,3FINQp7a98s,Download or conversion failure
10566,3FOae1V1-Xg,Download or conversion failure
49787,OaQR4KDY1Ug,Download or conversion failure
21439,86p5nGq8As4,Download or conversion failure
63203,XjKVPp60dHA,Download or conversion failure
8835,2YHg7YRUQVw,Download or conversion failure
8831,2Y8fnuuOxI8,Download or conversion failure
26809,Ak0Mr8VOHKA,Download or conversion failure
26806,AjvlZ605jQ4,Download or conversion failure
26801,AjoOYe8EetI,Download or conversion failure
64003,YIMEzxixFzo,Download or conversion failure
24525,9eqpfCNZibs,Download or conversion failure
24520,9eiRz6NhjoI,Download or conversion failure
24523,9epEVIdsEUY,Download or conversion failure
24529,9erm3DvqxxY,Download or conversion failure
58523,UV4zmJ0wGxs,Download or conversion failure
58528,UVDe6gzDMr4,Download or conversion failure
66185,ZmVJWFFg9c0,Download or conversion failure
66186,ZmXh0wGzV2Y,Download or conversion failure
1578,-aZDofgsqW0,Download or conversion failure
94495,tbbTzQ4lkg4,Download or conversion failure
1573,-aUzjP3lkIM,Download or conversion failure
77576,h-Z5cTyu4LE,Download or conversion failure
71327,cTByaJ520Qk,Download or conversion failure
55117,S97cZssYXvw,Download or conversion failure
28181,BQqbFrrVgIo,Download or conversion failure
84175,lpm7DP9TB1g,Download or conversion failure
84174,lpe-lNpflXo,Download or conversion failure
84177,lpwpg7xR34k,Download or conversion failure
22272,8XpxvDydUCQ,Download or conversion failure
22270,8XoFQvKnc3U,Download or conversion failure
22276,8Y6SSJtFkm8,Download or conversion failure
22274,8Y-muclihWo,Download or conversion failure
53473,R1VQ-nRcSgM,Download or conversion failure
74006,eOg4xsWzhJo,Download or conversion failure
74007,eOlw03tICSM,Download or conversion failure
74000,eOQOxbv-BtE,Download or conversion failure
53475,R1YPWA7kvS0,Download or conversion failure
75112,fDr2fAZrLg0,Download or conversion failure
27383,B10OgYEeklw,Download or conversion failure
99983,xo3wA0ygdy0,Download or conversion failure
99986,xoIJFqxONr0,Download or conversion failure
32009,DRiLlwTKNqg,Download or conversion failure
22497,8duD4MPxJ5Q,Download or conversion failure
22495,8dt542vT-34,Download or conversion failure
22490,8dpCQCPu79c,Download or conversion failure
57406,TirnuAhG-js,Download or conversion failure
24898,9sRewOZgwRc,Download or conversion failure
24899,9sSjROYsgpQ,Download or conversion failure
24890,9s3TaME3jP8,Download or conversion failure
24892,9s6SZr0oCz4,Download or conversion failure
3698,0Tj0S7X9N_M,Download or conversion failure
3692,0TYk-aEufg4,Download or conversion failure
68456,aNA64OGnVFk,Download or conversion failure
14659,4yyoMrzq8FE,Download or conversion failure
71523,cbZ1yAK7U64,Download or conversion failure
61996,Wtwd67sx_xY,Download or conversion failure
38632,HMnH4nrJKHc,Download or conversion failure
72554,dMOuVw7Z_gY,Download or conversion failure
27811,BEkIKLVMAgA,Download or conversion failure
83359,lDQSnPRy4pU,Download or conversion failure
26781,AjGA2F4q6uk,Download or conversion failure
26787,AjRuYAcpzRs,Download or conversion failure
26784,AjJBF2cp8c4,Download or conversion failure
39588,HzdHrKjho9A,Download or conversion failure
83330,lC92UburC8o,Download or conversion failure
72246,d6wmkmbXByA,Download or conversion failure
15296,5FlFxtkCXsM,Download or conversion failure
15295,5FjizOFpRl0,Download or conversion failure
15293,5Fj6S8JJR5Q,Download or conversion failure
63680,Y49xjXljngc,Download or conversion failure
4289,0hR2uNzj9OI,Download or conversion failure
86237,nJMJVcxsJB4,Download or conversion failure
86238,nJPPLOt1V6o,Download or conversion failure
38692,HPPKCfCIqFQ,Download or conversion failure
4758,0tY89fFadq0,Download or conversion failure
52487,QMgQlqkdx4g,Download or conversion failure
4754,0tVL3VFW5Zs,Download or conversion failure
4755,0tVouNeFtO0,Download or conversion failure
4757,0tWqMSigpqw,Download or conversion failure
19771,7IGljzymkdE,Download or conversion failure
19774,7IMOanqDg-0,Download or conversion failure
63684,Y4I1jEPfbtg,Download or conversion failure
13523,4VksleqNNhI,Download or conversion failure
13524,4VnbJm8JvcY,Download or conversion failure
56909,TO0UJKrJQFo,Download or conversion failure
101520,z1W2aEG2Cf0,Download or conversion failure
101523,z1dShwq36TY,Download or conversion failure
20726,7lGdy0_fKx4,Download or conversion failure
